{
  "format": "gen9ou",
  "n_samples": 385,
  "accuracy": 0.5038961038961038,
  "accuracy_std": 0.0694046193033111,
  "roc_auc": 0.4735130800287595,
  "roc_auc_std": 0.060374036089497006,
  "log_loss": 0.8379558610818778,
  "vocab_size": 211
}